config,tce_mean,tce_std,tce_median,separation,coop_trust_mean,adv_trust_mean,pct_within_010,pct_within_020
full_model,0.25978500000000004,0.17785999065276034,0.2162,0.9122,1.0,0.08780000000000002,0.25,0.5
no_trust_gate,0.516205,0.25589819162119926,0.5627500000000001,0.0,1.0,1.0,0.05,0.2
no_behavior,0.25978500000000004,0.17785999065276034,0.2162,0.9122,1.0,0.08780000000000002,0.25,0.5
no_emotion,0.25978500000000004,0.17785999065276034,0.2162,0.9122,1.0,0.08780000000000002,0.25,0.5
